"TOWNCODE","TOWNNAME","RoadList","IntersectionList"
"10020010","東區","北新路","文化路"
"10020010","東區","北新路","北新路159巷"
"10020010","東區","北新路","北新路250巷"
"10020010","東區","北新路","北新路250巷5弄"
"10020010","東區","北新路","北新路253巷"
"10020010","東區","北新路250巷","北新路250巷5弄"
"10020010","東區","北新路253巷","北新路"
"10020010","東區","北新路159巷","北新路"
"10020010","東區","北新路1巷","北新路"
"10020010","東區","文化路","中山路"
"10020010","東區","文化路","中正路"
"10020010","東區","文化路","文化路193巷"
"10020010","東區","文化路","文化路53巷"
"10020010","東區","文化路","文化路7巷"
"10020010","東區","文化路","文化路936巷"
"10020010","東區","文化路","文化路988巷"
"10020010","東區","文化路","北榮街"
"10020010","東區","文化路","民族路"
"10020010","東區","文化路","民權路"
"10020010","東區","文化路","民權路332巷"
"10020010","東區","文化路","光彩街"
"10020010","東區","文化路","光華路"
"10020010","東區","文化路","林森西路"
"10020010","東區","文化路","長榮街"
"10020010","東區","文化路","垂楊路"
"10020010","東區","文化路","興中街85巷"
"10020010","東區","文化路988巷","文化路"
"10020010","東區","文化路936巷11弄","文化路936巷"
"10020010","東區","仁德街","惠安街31巷"
"10020010","東區","忠孝路798巷","忠孝路"
"10020010","東區","文化路769巷","文化路"
"10020010","東區","忠孝北街","成功三街"
"10020010","東區","忠孝北街","忠孝北街113巷"
"10020010","東區","忠孝北街","忠孝北街141巷"
"10020010","東區","忠孝北街","忠孝北街202巷"
"10020010","東區","忠孝北街","忠孝北街33巷"
"10020010","東區","忠孝北街","忠孝路"
"10020010","東區","忠孝路798巷7弄","忠孝路798巷"
"10020010","東區","忠孝路798巷15弄","忠孝路798巷"
"10020010","東區","忠孝路798巷27弄","忠孝路798巷"
"10020010","東區","忠孝北街202巷","忠孝北街"
"10020010","東區","忠孝北街202巷","忠孝北街202巷1弄"
"10020010","東區","忠孝北街202巷","忠孝路798巷"
"10020010","東區","忠孝北街202巷","忠孝路798巷27弄"
"10020010","東區","工業街","台林街"
"10020010","東區","工業街","忠孝路"
"10020010","東區","工業街","保忠一街100巷"
"10020010","東區","工業街","保忠一街120巷"
"10020010","東區","工業街","保忠三街62巷"
"10020010","東區","保忠一街","忠孝路"
"10020010","東區","保忠一街","保忠一街100巷"
"10020010","東區","保忠一街","保忠一街120巷"
"10020010","東區","保忠一街","保忠一街68巷"
"10020010","東區","保忠一街","保忠二街"
"10020010","東區","保忠一街","保忠三街62巷"
"10020010","東區","保忠一街","保順路"
"10020010","東區","忠孝北街152巷","忠孝北街"
"10020010","東區","忠孝北街152巷","忠孝北街141巷"
"10020010","東區","忠孝北街141巷1弄","忠孝北街141巷"
"10020010","東區","忠孝北街141巷1弄","忠孝北街141巷2弄"
"10020010","東區","忠孝北街141巷2弄","忠孝北街141巷"
"10020010","東區","忠孝北街141巷3弄","忠孝北街141巷"
"10020010","東區","忠孝北街141巷6弄","忠孝北街141巷"
"10020010","東區","忠孝北街141巷6弄","忠孝北街141巷3弄"
"10020010","東區","保忠三街","忠孝路"
"10020010","東區","保忠三街","保忠三街62巷"
"10020010","東區","保忠三街","保忠三街92巷"
"10020010","東區","忠孝北街113巷","忠孝北街113巷2弄"
"10020010","東區","忠孝北街113巷2弄","忠孝北街113巷"
"10020010","東區","興美六路","湖美一路"
"10020010","東區","興美六路","順興一路"
"10020010","東區","興美六路","順興二路"
"10020010","東區","興美六路","順興三街"
"10020010","東區","興美六路","順興六街"
"10020010","東區","興美六路","興美路"
"10020010","東區","興美六路","環興街"
"10020010","東區","保康路","忠孝路"
"10020010","東區","保康路","保仁三街"
"10020010","東區","湖美一路","興美九街"
"10020010","東區","湖美一路","興美六路"
"10020010","東區","興美九街","湖美一路"
"10020010","東區","興美九街","順興二路"
"10020010","東區","興美九街","順興三街"
"10020010","東區","興美九街","順興五街"
"10020010","東區","興美九街","興安街203巷"
"10020010","東區","興美九街","興安街203巷21弄"
"10020010","東區","成功三街","忠孝北街"
"10020010","東區","忠孝一街","忠孝路"
"10020010","東區","忠孝一街","保義路"
"10020010","東區","順興五街","興美九街"
"10020010","東區","順興五街","興美六路"
"10020010","東區","順興三街","順興三街156巷"
"10020010","東區","順興三街","興美一街"
"10020010","東區","順興三街","興美七街"
"10020010","東區","順興三街","興美二路"
"10020010","東區","順興三街","興美三街"
"10020010","東區","順興三街","興美五街"
"10020010","東區","順興三街","興美六路"
"10020010","東區","興美三街","順興二路"
"10020010","東區","興美三街","順興三街"
"10020010","東區","興美五街","順興二路"
"10020010","東區","興美五街","順興三街"
"10020010","東區","忠孝二街","忠孝路"
"10020010","東區","忠孝二街","保順路"
"10020010","東區","忠孝二街","保義路"
"10020010","東區","忠孝路","中山路"
"10020010","東區","忠孝路","中正路"
"10020010","東區","忠孝路","公明路"
"10020010","東區","忠孝路","世賢路一段"
"10020010","東區","忠孝路","北門街"
"10020010","東區","忠孝路","台林街"
"10020010","東區","忠孝路","民族路"
"10020010","東區","忠孝路","民權路"
"10020010","東區","忠孝路","光彩街"
"10020010","東區","忠孝路","光華路"
"10020010","東區","忠孝路","共和路191巷"
"10020010","東區","忠孝路","共和路199巷"
"10020010","東區","忠孝路","安樂街"
"10020010","東區","忠孝路","延平街"
"10020010","東區","忠孝路","忠孝二街"
"10020010","東區","忠孝路","忠孝路181巷"
"10020010","東區","忠孝路","忠孝路346巷"
"10020010","東區","忠孝路","忠孝路364巷"
"10020010","東區","忠孝路","忠孝路370巷"
"10020010","東區","忠孝路","林森西路"
"10020010","東區","忠孝路","林森東路"
"10020010","東區","忠孝路","保建街"
"10020010","東區","忠孝路","博東路"
"10020010","東區","忠孝路","博愛路一段"
"10020010","東區","忠孝路","嘉北街"
"10020010","東區","忠孝路","嘉南街"
"10020010","東區","忠孝路","蘭井街"
"10020010","東區","興美七街","順興一路"
"10020010","東區","興美七街","順興二路"
"10020010","東區","興美七街","順興三街"
"10020010","東區","興美八街","順興二路"
"10020010","東區","興美八街","順興三街"
"10020010","東區","興美八街","興安街203巷23弄"
"10020010","東區","順興三街156巷","順興三街"
"10020010","東區","文化路297巷","文化路"
"10020010","東區","北門街","文化路"
"10020010","東區","北門街","北門街36巷"
"10020010","東區","北門街","北門街67巷"
"10020010","東區","北門街","共和路"
"10020010","東區","北門街","共和路356巷"
"10020010","東區","北門街","吳鳳北路"
"10020010","東區","北門街","興中街"
"10020010","東區","蘭井街","文化路"
"10020010","東區","蘭井街","文昌街"
"10020010","東區","蘭井街","光華路"
"10020010","東區","蘭井街","共和路"
"10020010","東區","蘭井街","安和街"
"10020010","東區","蘭井街","成仁街"
"10020010","東區","蘭井街","吳鳳北路"
"10020010","東區","蘭井街","和平路"
"10020010","東區","蘭井街","忠孝路"
"10020010","東區","蘭井街","國華街"
"10020010","東區","蘭井街","興中街"
"10020010","東區","蘭井街","蘭井街229巷"
"10020010","東區","國華街","國華街181巷"
"10020010","東區","文化路282巷","文化路"
"10020010","東區","興安街203巷16弄","興安街203巷"
"10020010","東區","興安街203巷16弄","興安街235巷"
"10020010","東區","興安街235巷","興安街"
"10020010","東區","興安街235巷","興安街203巷16弄"
"10020010","東區","忠孝北街33巷8弄","忠孝北街33巷"
"10020010","東區","忠孝北街33巷9弄","忠孝北街33巷"
"10020010","東區","忠孝北街33巷9弄","忠孝北街33巷8弄"
"10020010","東區","長榮街","文化路"
"10020010","東區","長榮街","民權路298巷"
"10020010","東區","長榮街","共和路"
"10020010","東區","長榮街","安和街"
"10020010","東區","長榮街","吳鳳北路"
"10020010","東區","長榮街","和平路"
"10020010","東區","長榮街","忠孝路"
"10020010","東區","長榮街","長榮街60巷"
"10020010","東區","長榮街","長榮街66巷"
"10020010","東區","長榮街","興中街"
"10020010","東區","興安街","大業街"
"10020010","東區","興安街","大業街184巷"
"10020010","東區","興安街","大業街184巷19弄"
"10020010","東區","興安街","興安街123巷"
"10020010","東區","興安街","興安街145巷"
"10020010","東區","興安街","興安街203巷19弄"
"10020010","東區","興安街","興安街217巷"
"10020010","東區","興安街","興安街235巷"
"10020010","東區","興安街","興安街47巷"
"10020010","東區","蘭井街229巷","蘭井街"
"10020010","東區","世賢路四段","大業街172巷"
"10020010","東區","世賢路四段","世賢路四段350巷"
"10020010","東區","世賢路四段350巷","大業街172巷"
"10020010","東區","世賢路四段350巷","大業街176巷14弄"
"10020010","東區","世賢路四段350巷","世賢路四段"
"10020010","東區","世賢路四段350巷16弄","世賢路四段350巷"
"10020010","東區","世賢路四段350巷18弄","世賢路四段350巷"
"10020010","東區","興安街217巷2弄","興安街217巷"
"10020010","東區","興中街","中山路"
"10020010","東區","興中街","中正路"
"10020010","東區","興中街","公明路"
"10020010","東區","興中街","北榮街"
"10020010","東區","興中街","民族路"
"10020010","東區","興中街","民權路"
"10020010","東區","興中街","光彩街"
"10020010","東區","興中街","光華路"
"10020010","東區","興中街","成仁街155巷"
"10020010","東區","興中街","成仁街207巷"
"10020010","東區","興中街","成仁街237巷"
"10020010","東區","興中街","林森西路"
"10020010","東區","興中街","長榮街"
"10020010","東區","興中街","垂楊路"
"10020010","東區","興中街","興中街32巷"
"10020010","東區","興中街","興中街85巷"
"10020010","東區","中山路","中山路145巷"
"10020010","東區","中山路","中山路176巷"
"10020010","東區","中山路","中山路36巷"
"10020010","東區","中山路","公明路"
"10020010","東區","中山路","民國路"
"10020010","東區","中山路","民樂街122巷"
"10020010","東區","中山路","安和街"
"10020010","東區","中山路","啟明路"
"10020010","東區","中山路","維新路"
"10020010","東區","中山路","興中街"
"10020010","東區","公明路","中山路"
"10020010","東區","公明路","中正路178巷"
"10020010","東區","公明路","中正路254巷"
"10020010","東區","公明路","公明路109巷"
"10020010","東區","公明路","公明路110巷"
"10020010","東區","公明路","公明路169巷"
"10020010","東區","公明路","公明路262巷"
"10020010","東區","公明路","民國路"
"10020010","東區","公明路","光華路"
"10020010","東區","公明路","安和街"
"10020010","東區","公明路","維新路"
"10020010","東區","公明路","興中街"
"10020010","東區","興安街217巷","興安街"
"10020010","東區","興美一街","順興二路"
"10020010","東區","興美一街","興美二路"
"10020010","東區","興美一街","興美路"
"10020010","東區","順興二路","興安街203巷"
"10020010","東區","順興二路","興安街203巷23弄"
"10020010","東區","順興二路","興美二路"
"10020010","東區","順興二路","興美三街"
"10020010","東區","順興二路","興美五街"
"10020010","東區","順興二路","興美六路"
"10020010","東區","興美二路","順興二路"
"10020010","東區","興美二路","興美路"
"10020010","東區","興安街203巷","大業街176巷"
"10020010","東區","興安街203巷","興安街"
"10020010","東區","興安街203巷","興安街203巷16弄"
"10020010","東區","興安街203巷","興安街203巷19弄"
"10020010","東區","興安街203巷19弄","大業街184巷19弄"
"10020010","東區","興安街203巷19弄","興安街"
"10020010","東區","興安街203巷19弄","興安街203巷"
"10020010","東區","興安街203巷19弄","興安街203巷16弄"
"10020010","東區","民權路332巷","民權路"
"10020010","東區","民權路332巷","興中街"
"10020010","東區","興安街203巷21弄","順興二路"
"10020010","東區","興安街203巷21弄","興安街203巷"
"10020010","東區","延平街","文化路"
"10020010","東區","延平街","文昌街"
"10020010","東區","延平街","光華路"
"10020010","東區","延平街","共和路"
"10020010","東區","延平街","安和街"
"10020010","東區","延平街","吳鳳北路"
"10020010","東區","延平街","和平路"
"10020010","東區","延平街","興中街"
"10020010","東區","延平街","融和街"
"10020010","東區","世賢路四段350巷21弄","世賢路四段350巷"
"10020010","東區","世賢路四段350巷21弄","世賢路四段350巷27弄"
"10020010","東區","文化路53巷","興中街85巷"
"10020010","東區","保建街","台林街"
"10020010","東區","保建街","忠孝路"
"10020010","東區","保建街","保建街151巷"
"10020010","東區","保建街","保建街47巷"
"10020010","東區","保建街","保義路"
"10020010","東區","保建街","義教街"
"10020010","東區","興安街203巷6弄","興安街203巷"
"10020010","東區","世賢路四段350巷25弄","世賢路四段350巷"
"10020010","東區","興安街203巷2弄","興安街203巷"
"10020010","東區","世賢路四段350巷27弄","世賢路四段350巷"
"10020010","東區","康樂街","文化路"
"10020010","東區","康樂街","吳鳳北路"
"10020010","東區","康樂街","吳鳳北路36巷"
"10020010","東區","康樂街","興中街"
"10020010","東區","世賢路四段350巷50弄","世賢路四段350巷"
"10020010","東區","大業街176巷","興安街"
"10020010","東區","大業街176巷58弄","大業街176巷"
"10020010","東區","保順路","工業街"
"10020010","東區","保順路","忠孝一街"
"10020010","東區","保順路","保忠一街"
"10020010","東區","保順路","保忠三街"
"10020010","東區","保順路","保康路"
"10020010","東區","大業街176巷14弄","大業街172巷"
"10020010","東區","大業街176巷14弄","大業街176巷"
"10020010","東區","大業街176巷14弄","世賢路四段350巷"
"10020010","東區","興安街197巷","興安街"
"10020010","東區","興安街203巷23弄","順興一路"
"10020010","東區","興安街203巷23弄","興安街203巷21弄"
"10020010","東區","興安街187巷","興安街"
"10020010","東區","大業街184巷","大業街176巷35弄"
"10020010","東區","大業街184巷","大業街182巷"
"10020010","東區","大業街184巷","興安街"
"10020010","東區","成仁街","中山路"
"10020010","東區","成仁街","中山路176巷"
"10020010","東區","成仁街","中正路"
"10020010","東區","成仁街","公明路"
"10020010","東區","成仁街","北門街"
"10020010","東區","成仁街","北榮街"
"10020010","東區","成仁街","民族路"
"10020010","東區","成仁街","民樂街"
"10020010","東區","成仁街","民權路"
"10020010","東區","成仁街","民權路335巷"
"10020010","東區","成仁街","光彩街"
"10020010","東區","成仁街","光華路"
"10020010","東區","成仁街","成仁街155巷"
"10020010","東區","成仁街","成仁街207巷"
"10020010","東區","成仁街","成仁街220巷"
"10020010","東區","成仁街","成仁街237巷"
"10020010","東區","成仁街","吳鳳北路35巷"
"10020010","東區","成仁街","延平街"
"10020010","東區","成仁街","林森西路"
"10020010","東區","成仁街","長榮街"
"10020010","東區","成仁街","垂楊路"
"10020010","東區","成仁街","康樂街"
"10020010","東區","興中街85巷","民族路426巷"
"10020010","東區","大業街176巷35弄","大業街176巷"
"10020010","東區","林森西路","成仁街"
"10020010","東區","林森西路","吳鳳北路"
"10020010","東區","林森西路","忠孝路"
"10020010","東區","林森西路","林森東路"
"10020010","東區","大業街182巷","大業街176巷"
"10020010","東區","大業街182巷","大業街176巷35弄"
"10020010","東區","北榮街44巷","北榮街27巷"
"10020010","東區","北榮街44巷","民權路"
"10020010","東區","成仁街237巷","北榮街44巷"
"10020010","東區","成仁街237巷","民權路335巷"
"10020010","東區","成仁街237巷","成仁街220巷"
"10020010","東區","台斗街","世賢路一段"
"10020010","東區","台斗街","台斗街125巷"
"10020010","東區","台斗街","台斗街75巷"
"10020010","東區","台斗街","博愛路一段"
"10020010","東區","北榮街","中山路176巷"
"10020010","東區","北榮街","北榮街12巷"
"10020010","東區","北榮街","北榮街27巷"
"10020010","東區","北榮街","北榮街44巷"
"10020010","東區","大業街184巷19弄","大業街127巷"
"10020010","東區","大業街184巷19弄","大業街184巷"
"10020010","東區","大業街184巷19弄","興安街"
"10020010","東區","大業街172巷","大業街106巷"
"10020010","東區","大業街172巷","世賢路四段350巷27弄"
"10020010","東區","國華街10巷","興業東路115巷"
"10020010","東區","國華街10巷","興業東路145巷"
"10020010","東區","興業東路145巷","興業東路115巷"
"10020010","東區","光華路","中正路"
"10020010","東區","光華路","民族路"
"10020010","東區","光華路","光彩街"
"10020010","東區","光華路","延平街"
"10020010","東區","光華路","忠孝路"
"10020010","東區","光華路","興中街"
"10020010","東區","嘉北街","台斗街"
"10020010","東區","嘉北街","台林街"
"10020010","東區","嘉北街","忠孝路"
"10020010","東區","嘉北街","嘉北街12巷"
"10020010","東區","嘉北街","嘉北街154巷"
"10020010","東區","嘉北街","嘉北街169巷"
"10020010","東區","嘉北街","嘉北街97巷"
"10020010","東區","成仁街207巷","中山路176巷"
"10020010","東區","成仁街207巷","北榮街27巷"
"10020010","東區","台斗街92巷","台斗街"
"10020010","東區","台斗街58巷","台斗街"
"10020010","東區","台斗街58巷","台斗街75巷"
"10020010","東區","成仁街220巷","北榮街12巷"
"10020010","東區","成仁街220巷","民權路335巷"
"10020010","東區","忠孝路401巷","台斗街"
"10020010","東區","忠孝路401巷","台林街"
"10020010","東區","忠孝路401巷","忠孝路"
"10020010","東區","民權路298巷","民權路"
"10020010","東區","世賢路一段","忠孝路"
"10020010","東區","世賢路一段","新生路"
"10020010","東區","保建街151巷","保建街"
"10020010","東區","博愛路一段","台斗街"
"10020010","東區","博愛路一段","忠孝路"
"10020010","東區","博愛路一段","博東路"
"10020010","東區","博愛路一段","博愛路一段51巷"
"10020010","東區","興安街145巷","興安街"
"10020010","東區","大業街142巷","大業街"
"10020010","東區","大業街142巷","大業街172巷"
"10020010","東區","北門街67巷","北門街36巷"
"10020010","東區","博愛路一段51巷","博愛路一段"
"10020010","東區","大業街","大業街127巷"
"10020010","東區","大業街","大業街133巷"
"10020010","東區","大業街","大業街14巷"
"10020010","東區","大業街","大業街172巷"
"10020010","東區","大業街","大業街176巷"
"10020010","東區","大業街","大業街176巷35弄"
"10020010","東區","大業街","大業街182巷"
"10020010","東區","大業街","大業街184巷"
"10020010","東區","大業街","大業街184巷19弄"
"10020010","東區","大業街","大業街26巷"
"10020010","東區","大業街","大業街39巷"
"10020010","東區","大業街","大業街40巷"
"10020010","東區","大業街","大業街82巷"
"10020010","東區","大業街","吳鳳南路"
"10020010","東區","大業街","興安街"
"10020010","東區","北榮街12巷","中山路176巷"
"10020010","東區","北榮街12巷","民權路"
"10020010","東區","興業東路159巷","興業東路145巷"
"10020010","東區","新生路","大雅路二段"
"10020010","東區","新生路","中山路"
"10020010","東區","新生路","中正路"
"10020010","東區","新生路","公明路"
"10020010","東區","新生路","世賢路一段"
"10020010","東區","新生路","台林街"
"10020010","東區","新生路","民族路"
"10020010","東區","新生路","民權路"
"10020010","東區","新生路","民權路153巷"
"10020010","東區","新生路","光彩街"
"10020010","東區","新生路","安樂街"
"10020010","東區","新生路","志航街"
"10020010","東區","新生路","忠孝路"
"10020010","東區","新生路","林森東路"
"10020010","東區","新生路","啟明路"
"10020010","東區","新生路","博東路"
"10020010","東區","新生路","博東路200巷"
"10020010","東區","新生路","新生路302巷"
"10020010","東區","新生路","新生路386巷"
"10020010","東區","新生路","新生路396巷"
"10020010","東區","新生路","新生路428巷"
"10020010","東區","新生路","新生路480巷"
"10020010","東區","新生路","新生路576巷"
"10020010","東區","新生路","新生路608巷"
"10020010","東區","新生路","新生路632巷"
"10020010","東區","新生路","新生路751巷"
"10020010","東區","新生路","義教街731巷"
"10020010","東區","新生路","嘉北街"
"10020010","東區","新生路","維新路134巷"
"10020010","東區","新生路","維新路190巷"
"10020010","東區","吳鳳北路","中山路"
"10020010","東區","吳鳳北路","中正路"
"10020010","東區","吳鳳北路","公明路"
"10020010","東區","吳鳳北路","北門街"
"10020010","東區","吳鳳北路","北榮街"
"10020010","東區","吳鳳北路","民族路"
"10020010","東區","吳鳳北路","民權路"
"10020010","東區","吳鳳北路","光彩街"
"10020010","東區","吳鳳北路","光華路"
"10020010","東區","吳鳳北路","吳鳳北路35巷"
"10020010","東區","吳鳳北路","延平街"
"10020010","東區","吳鳳北路","林森西路"
"10020010","東區","吳鳳北路","垂楊路"
"10020010","東區","國華街16巷","吳鳳南路48巷"
"10020010","東區","興安街123巷","大業街"
"10020010","東區","興安街123巷","順興一路"
"10020010","東區","興安街123巷","興安街"
"10020010","東區","興安街123巷","興安街203巷23弄"
"10020010","東區","興安街123巷","興安街47巷"
"10020010","東區","興安街123巷","興美路"
"10020010","東區","台林街","台林街237巷"
"10020010","東區","台林街","台林街263巷"
"10020010","東區","台林街","忠孝路"
"10020010","東區","台林街","新生路"
"10020010","東區","台林街","義教街"
"10020010","東區","台林街","義教街542巷"
"10020010","東區","台林街","嘉北街"
"10020010","東區","順興一路","興美一街"
"10020010","東區","順興一路","興美七街"
"10020010","東區","順興一路","興美二路"
"10020010","東區","順興一路","興美三街"
"10020010","東區","順興一路","興美五街"
"10020010","東區","順興一路","興美六路"
"10020010","東區","順興一路","興美路"
"10020010","東區","義教街788巷","義教街"
"10020010","東區","忠孝路181巷","吳鳳北路"
"10020010","東區","忠孝路181巷","忠孝路"
"10020010","東區","大業街106巷68弄","大業街106巷"
"10020010","東區","義教街","台林街"
"10020010","東區","義教街","保建街"
"10020010","東區","義教街","保義路"
"10020010","東區","義教街","義教街542巷"
"10020010","東區","義教街","義教街56巷"
"10020010","東區","義教街","義教街585巷"
"10020010","東區","義教街","義教街613巷"
"10020010","東區","義教街","義教街61巷"
"10020010","東區","義教街","義教街706巷"
"10020010","東區","義教街","義教街731巷"
"10020010","東區","民樂街144巷","中山路"
"10020010","東區","民樂街144巷","中山路176巷"
"10020010","東區","民樂街144巷","民樂街"
"10020010","東區","吳鳳南路32巷","永安街15巷"
"10020010","東區","吳鳳南路32巷","吳鳳南路"
"10020010","東區","民權路","五福街"
"10020010","東區","民權路","民國路"
"10020010","東區","民權路","民權東路"
"10020010","東區","民權路","民權路153巷"
"10020010","東區","民權路","吳鳳北路"
"10020010","東區","民權路","啟明路"
"10020010","東區","民權路","新生路"
"10020010","東區","民權路","維忠街"
"10020010","東區","民權路","維新路"
"10020010","東區","永安街15巷","吳鳳南路48巷"
"10020010","東區","大業街106巷48弄","大業街106巷"
"10020010","東區","成仁街41巷","成仁街"
"10020010","東區","保義路11巷","保義路"
"10020010","東區","台林街117巷","台林街"
"10020010","東區","台林街117巷","忠孝路"
"10020010","東區","興業東路175巷","吳鳳南路48巷"
"10020010","東區","興業東路175巷","吳鳳南路72巷"
"10020010","東區","興業東路175巷","興業東路159巷"
"10020010","東區","義教街783巷","義教街"
"10020010","東區","保義路","忠孝一街"
"10020010","東區","保義路","保仁一街"
"10020010","東區","保義路","保忠三街27巷"
"10020010","東區","保義路","保康路"
"10020010","東區","保義路","保義路108巷"
"10020010","東區","保義路","保義路202巷"
"10020010","東區","保義路","保義路240巷"
"10020010","東區","保義路","保義路246巷"
"10020010","東區","保義路","保義路60巷"
"10020010","東區","保義路240巷","保義路"
"10020010","東區","嘉南街","忠孝路"
"10020010","東區","嘉南街","忠孝路396巷"
"10020010","東區","嘉南街","嘉北街97巷"
"10020010","東區","吳鳳南路166巷","大業街106巷"
"10020010","東區","吳鳳南路166巷","大業街26巷"
"10020010","東區","吳鳳南路166巷","吳鳳南路"
"10020010","東區","保義路60巷","保義路"
"10020010","東區","義教街750巷","義教街"
"10020010","東區","保仁一街","保仁一街52巷"
"10020010","東區","保仁一街","保仁三街"
"10020010","東區","保仁一街","保義路"
"10020010","東區","環興街","興美六路"
"10020010","東區","環興街","興美路"
"10020010","東區","保義路108巷","保義路"
"10020010","東區","保義路108巷","保義路108巷10弄"
"10020010","東區","興業東路187巷","興業東路"
"10020010","東區","義教街765巷","義教街"
"10020010","東區","民樂街","公明路262巷"
"10020010","東區","民樂街","公明路296巷"
"10020010","東區","民樂街","民國路"
"10020010","東區","民樂街","民樂街122巷"
"10020010","東區","民樂街","共和路"
"10020010","東區","民樂街","安和街"
"10020010","東區","民樂街","吳鳳北路"
"10020010","東區","民樂街","和平路"
"10020010","東區","民樂街","忠孝路"
"10020010","東區","民樂街","新生路"
"10020010","東區","民樂街","維新路"
"10020010","東區","民樂街","維新路57巷"
"10020010","東區","大業街106巷","大業街"
"10020010","東區","大業街127巷","大業街127巷50弄"
"10020010","東區","大業街127巷","興安街16巷"
"10020010","東區","大業街127巷50弄","大業街127巷"
"10020010","東區","大業街127巷50弄","興安街"
"10020010","東區","保忠三街27巷","保忠三街"
"10020010","東區","保忠三街27巷","保康路"
"10020010","東區","大業街133巷","大業街127巷50弄"
"10020010","東區","保義路126巷","保義路"
"10020010","東區","保義路202巷","保仁一街"
"10020010","東區","保義路202巷","保義路"
"10020010","東區","興美路","吳鳳南路"
"10020010","東區","興美路","興安街"
"10020010","東區","興美路","興安街123巷"
"10020010","東區","興美路","環興街"
"10020010","東區","義教街706巷","保建街"
"10020010","東區","義教街706巷","義教街"
"10020010","東區","義教街706巷","義教街706巷21弄"
"10020010","東區","義教街706巷","義教街706巷31弄"
"10020010","東區","義教街706巷","義教街706巷6弄"
"10020010","東區","崇文街","吳鳳南路"
"10020010","東區","崇文街","吳鳳南路83巷"
"10020010","東區","崇文街","和平路43巷"
"10020010","東區","崇文街","南田路"
"10020010","東區","崇文街","宣信街"
"10020010","東區","崇文街","崇文街111巷"
"10020010","東區","崇文街","崇文街119巷"
"10020010","東區","忠孝路396巷","忠孝路"
"10020010","東區","世賢路四段456巷","世賢路四段"
"10020010","東區","吳鳳南路132巷","世賢路四段"
"10020010","東區","吳鳳南路132巷","世賢路四段456巷"
"10020010","東區","吳鳳南路132巷","吳鳳南路"
"10020010","東區","吳鳳南路132巷","吳鳳南路132巷32弄"
"10020010","東區","保仁三街","保仁三街162巷"
"10020010","東區","保仁三街","保仁三街162巷15弄"
"10020010","東區","保仁三街","保仁三街162巷1弄"
"10020010","東區","保仁三街","保仁三街162巷29弄"
"10020010","東區","保仁三街","保仁三街228巷"
"10020010","東區","保仁三街","保成路131巷"
"10020010","東區","保仁三街","保愛一街"
"10020010","東區","保仁三街","保義路"
"10020010","東區","保仁三街","保義路246巷"
"10020010","東區","義教街753巷","義教街"
"10020010","東區","興安街16巷","興安街"
"10020010","東區","博東路","忠孝路"
"10020010","東區","博東路","林森東路"
"10020010","東區","博東路","博東路152巷"
"10020010","東區","博東路","博東路169巷"
"10020010","東區","博東路","博東路43巷"
"10020010","東區","博東路","維新路"
"10020010","東區","吳鳳南路18巷","崇文街111巷"
"10020010","東區","吳鳳南路18巷","崇文街119巷"
"10020010","東區","崇文街111巷","吳鳳南路18巷"
"10020010","東區","崇文街111巷","崇文街119巷"
"10020010","東區","崇文街119巷","崇文街111巷"
"10020010","東區","義教街706巷31弄","義教街706巷"
"10020010","東區","義教街706巷21弄","義教街706巷"
"10020010","東區","吳鳳北路36巷","吳鳳北路"
"10020010","東區","共和路243巷","忠孝路"
"10020010","東區","垂楊路","市宅街22巷"
"10020010","東區","垂楊路","市宅街40巷"
"10020010","東區","垂楊路","民國路"
"10020010","東區","垂楊路","共和路"
"10020010","東區","垂楊路","吳鳳北路"
"10020010","東區","垂楊路","和平路"
"10020010","東區","垂楊路","垂楊路211巷"
"10020010","東區","垂楊路","垂楊路227巷"
"10020010","東區","垂楊路","宣信街472巷"
"10020010","東區","吳鳳南路","世賢路四段"
"10020010","東區","吳鳳南路","立仁路"
"10020010","東區","吳鳳南路","吳鳳北路"
"10020010","東區","吳鳳南路","吳鳳南路17巷"
"10020010","東區","吳鳳南路","吳鳳南路18巷"
"10020010","東區","吳鳳南路","吳鳳南路224巷"
"10020010","東區","吳鳳南路","吳鳳南路25巷"
"10020010","東區","吳鳳南路","吳鳳南路266巷"
"10020010","東區","吳鳳南路","吳鳳南路32巷"
"10020010","東區","吳鳳南路","吳鳳南路37巷"
"10020010","東區","吳鳳南路","吳鳳南路48巷"
"10020010","東區","吳鳳南路","吳鳳南路521巷"
"10020010","東區","吳鳳南路","吳鳳南路547巷"
"10020010","東區","吳鳳南路","吳鳳南路83巷"
"10020010","東區","吳鳳南路","芳安路"
"10020010","東區","吳鳳南路","南興路"
"10020010","東區","吳鳳南路","垂楊路"
"10020010","東區","吳鳳南路","軍輝路"
"10020010","東區","吳鳳南路","崇文街"
"10020010","東區","吳鳳南路","溪興街"
"10020010","東區","吳鳳南路","興仁街"
"10020010","東區","吳鳳南路","興美路"
"10020010","東區","吳鳳南路","興業東路"
"10020010","東區","吳鳳南路","興業東路265巷"
"10020010","東區","吳鳳南路","興業東路62巷"
"10020010","東區","吳鳳南路","親水路"
"10020010","東區","吳鳳南路25巷","吳鳳南路"
"10020010","東區","保愛一街","保仁三街"
"10020010","東區","保愛一街","保愛三街"
"10020010","東區","中正路","中正路178巷"
"10020010","東區","中正路","中正路254巷"
"10020010","東區","中正路","民國路"
"10020010","東區","中正路","共和路"
"10020010","東區","中正路","安和街"
"10020010","東區","中正路","忠孝路"
"10020010","東區","中正路","維新路"
"10020010","東區","義教街731巷","義教街"
"10020010","東區","義教街731巷","義教街706巷"
"10020010","東區","義教街731巷","義教街731巷33弄"
"10020010","東區","義教街731巷19弄","台林街237巷"
"10020010","東區","義教街731巷19弄","義教街731巷"
"10020010","東區","義教街731巷19弄","義教街731巷30弄"
"10020010","東區","義教街731巷33弄","義教街731巷"
"10020010","東區","義教街731巷30弄","義教街731巷"
"10020010","東區","義教街731巷30弄","義教街731巷19弄"
"10020010","東區","義教街706巷6弄","義教街706巷"
"10020010","東區","大業街60巷","大業街"
"10020010","東區","保愛二街","保成路47巷"
"10020010","東區","保愛二街","保成路81巷"
"10020010","東區","保愛二街","保愛一街"
"10020010","東區","保愛二街","保愛三街"
"10020010","東區","吳鳳南路17巷","吳鳳南路"
"10020010","東區","吳鳳南路17巷","垂楊路211巷"
"10020010","東區","吳鳳南路17巷","宣信街"
"10020010","東區","吳鳳南路37巷","吳鳳南路"
"10020010","東區","吳鳳南路49巷","吳鳳南路"
"10020010","東區","吳鳳南路49巷","吳鳳南路37巷"
"10020010","東區","吳鳳南路72巷","吳鳳南路"
"10020010","東區","保仁二街","保仁三街"
"10020010","東區","大業街26巷","吳鳳南路166巷"
"10020010","東區","吳鳳南路83巷","吳鳳南路"
"10020010","東區","吳鳳南路83巷","南田路61巷"
"10020010","東區","吳鳳南路83巷","崇文街"
"10020010","東區","興業東路","吳鳳南路"
"10020010","東區","興業東路","信興街"
"10020010","東區","興業東路","南田路"
"10020010","東區","興業東路","宣信街"
"10020010","東區","興業東路","興業東路297巷"
"10020010","東區","興業東路","興業東路86巷"
"10020010","東區","保忠一街68巷","工業街"
"10020010","東區","保忠一街68巷","保忠一街"
"10020010","東區","忠孝路370巷","忠孝路364巷"
"10020010","東區","民族路268巷","民族路"
"10020010","東區","溪興街","吳鳳南路"
"10020010","東區","溪興街","溪興街105巷"
"10020010","東區","溪興街","溪興街153巷"
"10020010","東區","溪興街","溪興街21巷"
"10020010","東區","溪興街","溪興街231巷"
"10020010","東區","溪興街","溪興街245巷"
"10020010","東區","溪興街","溪興街62巷"
"10020010","東區","溪興街","溪興街6巷"
"10020010","東區","保仁三街38巷","保仁三街"
"10020010","東區","保仁三街38巷","保成路"
"10020010","東區","保建街81巷","保建街"
"10020010","東區","保建街81巷","保建街47巷"
"10020010","東區","芳安路","吳鳳南路"
"10020010","東區","芳安路","芳安路17巷"
"10020010","東區","芳安路","芳安路197巷"
"10020010","東區","芳安路","芳安路217巷"
"10020010","東區","芳安路","芳安路315巷"
"10020010","東區","芳安路","芳安路333巷"
"10020010","東區","芳安路","芳安路337巷"
"10020010","東區","芳安路","芳安路375巷"
"10020010","東區","芳安路","芳安路39巷"
"10020010","東區","芳安路","芳安路73巷"
"10020010","東區","芳安路","信興街"
"10020010","東區","芳安路","宣信街"
"10020010","東區","芳安路","興業東路86巷"
"10020010","東區","芳安路","彌陀路"
"10020010","東區","芳安路","彌陀路247巷"
"10020010","東區","興業東路265巷","吳鳳南路"
"10020010","東區","興業東路265巷","興業東路"
"10020010","東區","興安街47巷","興安街"
"10020010","東區","軍輝路","吳鳳南路"
"10020010","東區","軍輝路","吳鳳南路621巷"
"10020010","東區","軍輝路","武德街"
"10020010","東區","軍輝路","武德街125巷"
"10020010","東區","軍輝路","軍輝路104巷"
"10020010","東區","軍輝路","軍輝路114巷"
"10020010","東區","軍輝路","軍輝路124巷"
"10020010","東區","軍輝路","軍輝路133巷"
"10020010","東區","軍輝路","軍輝路136巷"
"10020010","東區","軍輝路","軍輝路142巷"
"10020010","東區","軍輝路","軍輝路162巷"
"10020010","東區","軍輝路","軍輝路71巷"
"10020010","東區","軍輝路","軍輝路81巷"
"10020010","東區","軍輝路","軍輝路91巷"
"10020010","東區","軍輝路","溪興街105巷"
"10020010","東區","軍輝路","溪興街153巷"
"10020010","東區","軍輝路","溪興街231巷"
"10020010","東區","軍輝路","溪興街231巷24弄"
"10020010","東區","軍輝路","興仁街"
"10020010","東區","垂楊路227巷","吳鳳南路17巷"
"10020010","東區","吳鳳南路224巷","大業街"
"10020010","東區","吳鳳南路224巷","大業街15巷"
"10020010","東區","吳鳳南路224巷","吳鳳南路"
"10020010","東區","嘉北街66巷","嘉北街"
"10020010","東區","嘉北街66巷","嘉北街12巷"
"10020010","東區","嘉北街66巷","嘉北街97巷"
"10020010","東區","興業東路62巷","吳鳳南路"
"10020010","東區","興業東路62巷","興業東路"
"10020010","東區","保建街75巷","保建街"
"10020010","東區","光彩街","民國路"
"10020010","東區","光彩街","共和路"
"10020010","東區","光彩街","安和街"
"10020010","東區","光彩街","忠孝路"
"10020010","東區","共和路","中山路"
"10020010","東區","共和路","中正路"
"10020010","東區","共和路","公明路"
"10020010","東區","共和路","民族路"
"10020010","東區","共和路","民樂街"
"10020010","東區","共和路","民權路"
"10020010","東區","共和路","光彩街"
"10020010","東區","共和路","光華路"
"10020010","東區","共和路","共和路135巷"
"10020010","東區","共和路","共和路191巷"
"10020010","東區","共和路","共和路199巷"
"10020010","東區","共和路","共和路336巷"
"10020010","東區","共和路","共和路356巷"
"10020010","東區","共和路","共和路378巷"
"10020010","東區","共和路","共和路424巷"
"10020010","東區","共和路","和平路361巷"
"10020010","東區","共和路","林森東路"
"10020010","東區","共和路","長榮街"
"10020010","東區","保愛三街","保成路131巷"
"10020010","東區","保愛三街","保成路47巷"
"10020010","東區","保愛三街","保成路81巷"
"10020010","東區","保愛三街","保愛一街"
"10020010","東區","大業街14巷","大業街"
"10020010","東區","大業街14巷","吳鳳南路188巷"
"10020010","東區","吳鳳南路188巷","大業街14巷"
"10020010","東區","吳鳳南路188巷","吳鳳南路"
"10020010","東區","南興路","世賢路四段"
"10020010","東區","南興路","吳鳳南路"
"10020010","東區","南興路","芳安路315巷"
"10020010","東區","南興路","信興街"
"10020010","東區","南興路","南興路145巷"
"10020010","東區","南興路","南興路167巷"
"10020010","東區","南興路","南興路184巷"
"10020010","東區","南興路","南興路193巷"
"10020010","東區","南興路","南興路199巷"
"10020010","東區","南興路","南興路216巷"
"10020010","東區","南興路","南興路235巷"
"10020010","東區","南興路","南興路34巷"
"10020010","東區","南興路","南興路56巷"
"10020010","東區","南興路","南興路71巷"
"10020010","東區","南興路","南興路72巷"
"10020010","東區","南興路","宣信街111巷"
"10020010","東區","大業街15巷","大業街"
"10020010","東區","大業街15巷","大業街26巷"
"10020010","東區","大業街15巷","吳鳳南路224巷"
"10020010","東區","共和路7巷","共和路"
"10020010","東區","共和路7巷","忠孝路"
"10020010","東區","保成路47巷","保成路"
"10020010","東區","保成路47巷","保成路77巷"
"10020010","東區","保成路47巷","保成路81巷"
"10020010","東區","中正路185巷","光彩街"
"10020010","東區","公明路262巷","公明路"
"10020010","東區","公明路262巷","公明路169巷"
"10020010","東區","中正路177巷","中正路"
"10020010","東區","中正路177巷","中正路185巷"
"10020010","東區","中正路177巷","光彩街248巷"
"10020010","東區","光彩街248巷","中正路185巷"
"10020010","東區","光彩街248巷","光彩街"
"10020010","東區","共和路135巷","共和路"
"10020010","東區","共和路135巷","和平路361巷"
"10020010","東區","芳安路446巷","芳安路"
"10020010","東區","吳鳳南路345巷","吳鳳南路"
"10020010","東區","吳鳳南路345巷","吳鳳南路166巷"
"10020010","東區","吳鳳南路345巷","吳鳳南路365巷91弄"
"10020010","東區","維和街","共和路"
"10020010","東區","維和街","維和街12巷"
"10020010","東區","維和街","維和街16巷"
"10020010","東區","台林街295巷","台林街"
"10020010","東區","台林街295巷","台林街295巷5弄"
"10020010","東區","台林街295巷5弄","台林街295巷"
"10020010","東區","安樂街","民國路"
"10020010","東區","安樂街","共和路"
"10020010","東區","安樂街","安和街"
"10020010","東區","安樂街","安樂街116巷"
"10020010","東區","安樂街","安樂街144巷"
"10020010","東區","安樂街","安樂街19巷"
"10020010","東區","安樂街","安樂街21巷"
"10020010","東區","安樂街","安樂街7巷"
"10020010","東區","安樂街","和平路"
"10020010","東區","安樂街","啟明路"
"10020010","東區","安樂街","新生路"
"10020010","東區","安樂街","維忠街"
"10020010","東區","安樂街","維新路"
"10020010","東區","保忠二街","保成路"
"10020010","東區","保忠二街","保忠三街"
"10020010","東區","保忠二街","保康路"
"10020010","東區","芳安路349巷","芳安路"
"10020010","東區","芳安路349巷","芳安路337巷"
"10020010","東區","芳安路349巷","芳安路375巷"
"10020010","東區","南興路289巷","南興路"
"10020010","東區","保成路","台林街"
"10020010","東區","保成路","保仁三街"
"10020010","東區","保成路","保仁三街38巷"
"10020010","東區","保成路","保成路131巷"
"10020010","東區","保成路","保成路21巷"
"10020010","東區","保成路","保成路77巷"
"10020010","東區","保成路","保成路81巷"
"10020010","東區","保成路","保建街"
"10020010","東區","保成路","保康路"
"10020010","東區","保成路","保義路246巷"
"10020010","東區","嘉北街12巷","嘉北街66巷"
"10020010","東區","溪興街231巷","溪興街153巷12弄"
"10020010","東區","溪興街231巷","溪興街153巷30弄"
"10020010","東區","台林街295巷3弄","台林街295巷"
"10020010","東區","吳鳳南路365巷","立仁路"
"10020010","東區","吳鳳南路365巷","吳鳳南路"
"10020010","東區","吳鳳南路365巷","吳鳳南路365巷55弄"
"10020010","東區","吳鳳南路365巷","吳鳳南路365巷91弄"
"10020010","東區","台林街120巷","台林街"
"10020010","東區","台林街120巷","台林街120巷31弄"
"10020010","東區","台林街120巷","台林街120巷38弄"
"10020010","東區","台林街237巷","台林街"
"10020010","東區","溪興街231巷20弄","溪興街231巷"
"10020010","東區","民族路","大雅路二段"
"10020010","東區","民族路","光華路"
"10020010","東區","民族路","共和路"
"10020010","東區","民族路","南門街"
"10020010","東區","芳安路396巷","芳安路416巷"
"10020010","東區","芳安路396巷","芳安路446巷"
"10020010","東區","芳安路396巷","興業東路86巷"
"10020010","東區","芳安路416巷","芳安路"
"10020010","東區","芳安路416巷","芳安路446巷"
"10020010","東區","台林街215巷","台林街"
"10020010","東區","溪興街231巷24弄","武德街"
"10020010","東區","溪興街231巷24弄","溪興街231巷"
"10020010","東區","台林街263巷","台林街"
"10020010","東區","維和街58巷","維和街"
"10020010","東區","台林街295巷1弄","台林街295巷"
"10020010","東區","民樂街122巷","公明路262巷"
"10020010","東區","吳鳳南路365巷1弄","吳鳳南路365巷"
"10020010","東區","溪興街231巷22弄","溪興街231巷"
"10020010","東區","溪興街62巷","溪興街"
"10020010","東區","垂楊路211巷1弄","垂楊路211巷"
"10020010","東區","垂楊路211巷","吳鳳南路17巷"
"10020010","東區","吳鳳南路206巷","吳鳳南路"
"10020010","東區","南興路216巷","芳安路337巷"
"10020010","東區","南興路216巷","南興路"
"10020010","東區","南興路216巷","南興路218巷"
"10020010","東區","南興路218巷","南興路216巷"
"10020010","東區","義教街646巷","義教街"
"10020010","東區","義教街646巷","義教街657巷"
"10020010","東區","義教街657巷","義教街"
"10020010","東區","中正路178巷","公明路262巷"
"10020010","東區","芳安路337巷","芳安路349巷"
"10020010","東區","芳安路337巷","南興路216巷"
"10020010","東區","芳安路337巷","興業東路86巷"
"10020010","東區","吳鳳南路415巷","吳鳳南路"
"10020010","東區","吳鳳南路415巷","吳鳳南路521巷"
"10020010","東區","吳鳳南路415巷","吳鳳南路521巷33弄"
"10020010","東區","興業東路297巷","興業東路265巷"
"10020010","東區","安和街197巷","民權路142巷"
"10020010","東區","安和街197巷","和平路"
"10020010","東區","安和街197巷","和平路361巷"
"10020010","東區","和平路","中山路"
"10020010","東區","和平路","中正路"
"10020010","東區","和平路","公明路"
"10020010","東區","和平路","民族路"
"10020010","東區","和平路","民樂街"
"10020010","東區","和平路","民權路"
"10020010","東區","和平路","光彩街"
"10020010","東區","和平路","安和街163巷"
"10020010","東區","和平路","安樂街"
"10020010","東區","和平路","和平路125巷"
"10020010","東區","和平路","和平路136巷"
"10020010","東區","和平路","和平路161巷"
"10020010","東區","和平路","和平路162巷"
"10020010","東區","和平路","和平路203巷"
"10020010","東區","和平路","和平路223巷"
"10020010","東區","和平路","和平路28巷"
"10020010","東區","和平路","和平路361巷"
"10020010","東區","和平路","和平路43巷"
"10020010","東區","和平路","延平街"
"10020010","東區","和平路","垂楊路"
"10020010","東區","和平路","宣信街344巷"
"10020010","東區","和平路","朝陽街"
"10020010","東區","和平路","體育路"
"10020010","東區","朝陽街","文昌街"
"10020010","東區","朝陽街","共和路"
"10020010","東區","朝陽街","安和街"
"10020010","東區","朝陽街","和平路"
"10020010","東區","朝陽街","南門街"
"10020010","東區","朝陽街","垂楊路124巷"
"10020010","東區","朝陽街","啟明路"
"10020010","東區","朝陽街","朝陽街18巷"
"10020010","東區","朝陽街","朝陽街91巷"
"10020010","東區","台林街296巷","台林街"
"10020010","東區","興業東路86巷","興業東路297巷"
"10020010","東區","興業東路86巷","興業東路62巷"
"10020010","東區","保仁三街162巷1弄","保仁三街162巷"
"10020010","東區","文昌街","中正路"
"10020010","東區","文昌街","公明路"
"10020010","東區","文昌街","文昌街151巷"
"10020010","東區","文昌街","文昌街51巷"
"10020010","東區","文昌街","民族路"
"10020010","東區","文昌街","光彩街"
"10020010","東區","文昌街","和平路161巷"
"10020010","東區","文昌街","延平街"
"10020010","東區","文昌街","垂楊路"
"10020010","東區","文昌街","蘭井街"
"10020010","東區","南門街","文昌街51巷"
"10020010","東區","南門街","民族路"
"10020010","東區","南門街","共和路"
"10020010","東區","南門街","垂楊路"
"10020010","東區","南門街","宣信街"
"10020010","東區","南門街","朝陽街"
"10020010","東區","安和街163巷","中山路"
"10020010","東區","安和街163巷","安和街"
"10020010","東區","安和街163巷","和平路"
"10020010","東區","安和街197巷38弄","安和街197巷"
"10020010","東區","安和街197巷38弄","長榮街"
"10020010","東區","嘉北街13巷","嘉北街"
"10020010","東區","嘉北街13巷","嘉北街12巷"
"10020010","東區","台林街120巷31弄","台林街120巷"
"10020010","東區","台林街120巷38弄","台林街120巷"
"10020010","東區","台林街120巷38弄","台林街120巷31弄"
"10020010","東區","台林街296巷1弄","台林街296巷"
"10020010","東區","台林街296巷2弄","台林街296巷"
"10020010","東區","台林街296巷2弄","台林街296巷1弄"
"10020010","東區","維新路","中山路"
"10020010","東區","維新路","中山路55巷"
"10020010","東區","維新路","中正路"
"10020010","東區","維新路","公明路"
"10020010","東區","維新路","民樂街"
"10020010","東區","維新路","民權路"
"10020010","東區","維新路","玉峰街"
"10020010","東區","維新路","光彩街"
"10020010","東區","維新路","安和街220巷"
"10020010","東區","維新路","安和街248巷"
"10020010","東區","維新路","安樂街"
"10020010","東區","維新路","忠孝路346巷"
"10020010","東區","維新路","忠孝路396巷"
"10020010","東區","維新路","林森東路"
"10020010","東區","維新路","長榮街"
"10020010","東區","維新路","博東路"
"10020010","東區","維新路","嘉南街"
"10020010","東區","維新路","維和街"
"10020010","東區","維新路","維新路160巷"
"10020010","東區","維新路","維新路166巷"
"10020010","東區","維新路","維新路190巷"
"10020010","東區","維新路","維新路216巷"
"10020010","東區","維新路","維新路57巷"
"10020010","東區","維和街32巷","維和街"
"10020010","東區","立仁路","立仁路106巷"
"10020010","東區","立仁路","立仁路312巷"
"10020010","東區","立仁路","立仁路60巷"
"10020010","東區","立仁路","立仁路63巷"
"10020010","東區","立仁路","立仁路99巷"
"10020010","東區","立仁路","吳鳳南路"
"10020010","東區","立仁路","吳鳳南路365巷"
"10020010","東區","立仁路","吳鳳南路521巷"
"10020010","東區","立仁路","宣信街"
"10020010","東區","立仁路","宣信街23巷"
"10020010","東區","立仁路","宣信街27巷"
"10020010","東區","立仁路","彌陀路"
"10020010","東區","保仁三街162巷15弄","保仁三街162巷"
"10020010","東區","吳鳳南路266巷","吳鳳南路"
"10020010","東區","芳安路335巷","芳安路"
"10020010","東區","吳鳳南路365巷76弄","吳鳳南路365巷"
"10020010","東區","吳鳳南路365巷76弄","吳鳳南路365巷50弄"
"10020010","東區","吳鳳南路365巷76弄","吳鳳南路365巷55弄"
"10020010","東區","吳鳳南路365巷76弄","吳鳳南路521巷"
"10020010","東區","吳鳳南路365巷76弄","吳鳳南路521巷49弄"
"10020010","東區","吳鳳南路365巷50弄","吳鳳南路365巷"
"10020010","東區","吳鳳南路365巷50弄","吳鳳南路521巷49弄"
"10020010","東區","宣信街","吳鳳南路25巷"
"10020010","東區","宣信街","吳鳳南路37巷"
"10020010","東區","宣信街","和平路43巷"
"10020010","東區","宣信街","南田路"
"10020010","東區","宣信街","南興路"
"10020010","東區","宣信街","垂楊路"
"10020010","東區","宣信街","宣信街111巷"
"10020010","東區","宣信街","宣信街177巷"
"10020010","東區","宣信街","宣信街256巷"
"10020010","東區","宣信街","宣信街27巷"
"10020010","東區","宣信街","宣信街344巷"
"10020010","東區","宣信街","宣信街472巷"
"10020010","東區","宣信街","宣信街48巷"
"10020010","東區","宣信街","宣信街65巷"
"10020010","東區","宣信街","宣信街98巷"
"10020010","東區","宣信街","崇文街"
"10020010","東區","宣信街","體育路"
"10020010","東區","溪興街153巷12弄","溪興街153巷"
"10020010","東區","興村街","溪興街105巷"
"10020010","東區","興村街","溪興街153巷"
"10020010","東區","興村街","溪興街153巷12弄"
"10020010","東區","吳鳳南路521巷49弄","吳鳳南路521巷"
"10020010","東區","吳鳳南路521巷49弄","吳鳳南路521巷33弄"
"10020010","東區","宣信街450巷","吳鳳南路17巷"
"10020010","東區","宣信街450巷","和平路"
"10020010","東區","宣信街450巷","宣信街"
"10020010","東區","吳鳳南路521巷33弄","吳鳳南路521巷"
"10020010","東區","民權路142巷","民權路"
"10020010","東區","民權路142巷","安和街197巷"
"10020010","東區","義教街608巷","義教街"
"10020010","東區","文昌街51巷","和平路161巷"
"10020010","東區","宣信街428巷","宣信街"
"10020010","東區","武德街","溪興街231巷24弄"
"10020010","東區","林森東路","安和街"
"10020010","東區","林森東路","林森東路105巷"
"10020010","東區","林森東路","林森東路163巷"
"10020010","東區","林森東路","林森東路211巷"
"10020010","東區","林森東路","林森東路364巷"
"10020010","東區","林森東路","林森東路545巷"
"10020010","東區","林森東路","林森東路612巷"
"10020010","東區","林森東路","林森東路679巷"
"10020010","東區","林森東路","林森東路684巷"
"10020010","東區","林森東路","林森東路879巷"
"10020010","東區","林森東路","維新路"
"10020010","東區","林森東路105巷","林森東路"
"10020010","東區","宣信街402巷","和平路"
"10020010","東區","宣信街402巷","宣信街"
"10020010","東區","保仁三街162巷29弄","保仁三街162巷"
"10020010","東區","文昌街26巷","文昌街"
"10020010","東區","溪興街153巷30弄","溪興街153巷"
"10020010","東區","林森東路111巷","林森東路"
"10020010","東區","林森東路111巷","維和街"
"10020010","東區","吳鳳南路521巷","吳鳳南路"
"10020010","東區","南田路","吳鳳南路83巷"
"10020010","東區","南田路","和平路43巷"
"10020010","東區","南田路","芳安路"
"10020010","東區","南田路","芳安路315巷"
"10020010","東區","南田路","南田路61巷"
"10020010","東區","南田路","南田路65巷"
"10020010","東區","南田路","南田路83巷"
"10020010","東區","南田路","頂福街"
"10020010","東區","南田路","興業東路297巷"
"10020010","東區","南田路","興業東路86巷"
"10020010","東區","芳安路315巷","南興路184巷"
"10020010","東區","芳安路315巷","南興路199巷"
"10020010","東區","芳安路315巷","南興路216巷"
"10020010","東區","南興路184巷","芳安路315巷"
"10020010","東區","南興路184巷","頂福街7巷"
"10020010","東區","南田路61巷","南田路"
"10020010","東區","和平路223巷","延平街"
"10020010","東區","義教街580巷","義教街"
"10020010","東區","義教街580巷","義教街613巷"
"10020010","東區","義教街542巷","台林街"
"10020010","東區","義教街542巷","義教街"
"10020010","東區","安和街248巷","安和街"
"10020010","東區","安和街248巷","維新路"
"10020010","東區","維新路190巷","新生路"
"10020010","東區","維新路190巷","新生路480巷"
"10020010","東區","維新路190巷","維新路"
"10020010","東區","維新路190巷","維新路190巷10弄"
"10020010","東區","維新路190巷","維新路190巷6弄"
"10020010","東區","吳鳳南路365巷55弄","吳鳳南路345巷"
"10020010","東區","吳鳳南路365巷55弄","吳鳳南路345巷55弄"
"10020010","東區","吳鳳南路365巷55弄","吳鳳南路365巷"
"10020010","東區","吳鳳南路345巷55弄","吳鳳南路345巷"
"10020010","東區","吳鳳南路345巷55弄","南興路199巷"
"10020010","東區","吳鳳南路547巷","吳鳳南路"
"10020010","東區","吳鳳南路547巷","吳鳳南路521巷10弄"
"10020010","東區","吳鳳南路547巷","吳鳳南路521巷16弄"
"10020010","東區","安和街220巷","安和街"
"10020010","東區","安和街","中山路"
"10020010","東區","安和街","中正路"
"10020010","東區","安和街","公明路"
"10020010","東區","安和街","民族路"
"10020010","東區","安和街","民權路"
"10020010","東區","安和街","光彩街"
"10020010","東區","安和街","安和街113巷"
"10020010","東區","安和街","安和街177巷"
"10020010","東區","安和街","安和街197巷"
"10020010","東區","安和街","安和街207巷"
"10020010","東區","安和街","安和街218巷"
"10020010","東區","安和街","安和街32巷"
"10020010","東區","安和街","安和街60巷"
"10020010","東區","安和街","垂楊路"
"10020010","東區","安和街","朝陽街"
"10020010","東區","安和街207巷","安和街218巷"
"10020010","東區","義教街613巷","義教街585巷2弄"
"10020010","東區","義教街613巷","義教街613巷11弄"
"10020010","東區","頂福街","芳安路"
"10020010","東區","頂福街","芳安路315巷"
"10020010","東區","頂福街","芳德街"
"10020010","東區","頂福街","南興路"
"10020010","東區","頂福街","南興路184巷"
"10020010","東區","頂福街","頂福街42巷"
"10020010","東區","頂福街","頂福街7巷"
"10020010","東區","吳鳳南路521巷38弄","吳鳳南路521巷"
"10020010","東區","維新樂活大道","林森東路"
"10020010","東區","維新樂活大道","維新路"
"10020010","東區","維新樂活大道","維新路160巷"
"10020010","東區","吳鳳南路521巷24弄","吳鳳南路521巷"
"10020010","東區","宣信街402巷15弄","宣信街402巷"
"10020010","東區","吳鳳南路521巷18弄","吳鳳南路521巷"
"10020010","東區","義教街613巷11弄","義教街585巷4弄"
"10020010","東區","義教街613巷11弄","義教街585巷6弄"
"10020010","東區","義教街613巷11弄","義教街585巷8弄"
"10020010","東區","義教街613巷11弄","義教街613巷"
"10020010","東區","吳鳳南路521巷16弄","吳鳳南路521巷"
"10020010","東區","吳鳳南路521巷16弄","吳鳳南路547巷"
"10020010","東區","宣信街344巷","宣信街"
"10020010","東區","維新路160巷","維新路"
"10020010","東區","維新路160巷","維新路166巷"
"10020010","東區","維新路160巷","維新路190巷"
"10020010","東區","南興路199巷","南興路184巷"
"10020010","東區","義教街542巷21弄","義教街542巷"
"10020010","東區","信興街73巷","信興街"
"10020010","東區","信興街73巷","信興街78巷"
"10020010","東區","信興街73巷","南興路199巷"
"10020010","東區","吳鳳南路521巷10弄","吳鳳南路521巷"
"10020010","東區","吳鳳南路521巷10弄","吳鳳南路521巷8弄"
"10020010","東區","吳鳳南路521巷8弄","吳鳳南路521巷"
"10020010","東區","吳鳳南路521巷8弄","吳鳳南路521巷10弄"
"10020010","東區","維新路166巷","維新路160巷"
"10020010","東區","維新路166巷","維新路190巷"
"10020010","東區","維新路216巷","博東路200巷"
"10020010","東區","義教街542巷22弄","義教街542巷"
"10020010","東區","頂福街7巷","南興路184巷"
"10020010","東區","信興街73巷3弄","信興街73巷"
"10020010","東區","吳鳳南路365巷91弄","吳鳳南路345巷"
"10020010","東區","吳鳳南路365巷91弄","吳鳳南路365巷"
"10020010","東區","維新路190巷6弄","維新路190巷"
"10020010","東區","義教街585巷","義教街"
"10020010","東區","義教街585巷","義教街542巷"
"10020010","東區","義教街585巷","義教街585巷8弄"
"10020010","東區","吳鳳南路365巷118弄","吳鳳南路365巷"
"10020010","東區","市宅街","市宅街21巷"
"10020010","東區","市宅街","市宅街22巷"
"10020010","東區","市宅街","市宅街40巷"
"10020010","東區","市宅街","和平路"
"10020010","東區","體育路","市宅街"
"10020010","東區","體育路","市宅街21巷25弄"
"10020010","東區","體育路","市宅街22巷2弄"
"10020010","東區","體育路","垂楊路"
"10020010","東區","體育路","宣信街"
"10020010","東區","體育路","興業東路"
"10020010","東區","體育路","彌陀路"
"10020010","東區","體育路","彌陀路289巷"
"10020010","東區","體育路","彌陀路327巷"
"10020010","東區","義教街585巷2弄","義教街585巷"
"10020010","東區","民權路112巷","民權路"
"10020010","東區","義教街534巷","義教街"
"10020010","東區","溪興街6巷","溪興街6巷1弄"
"10020010","東區","溪興街6巷6弄","溪興街6巷"
"10020010","東區","溪興街6巷6弄","溪興街6巷1弄"
"10020010","東區","維新路190巷8弄","維新路190巷"
"10020010","東區","義教街585巷4弄","義教街585巷"
"10020010","東區","中正路102巷","中正路"
"10020010","東區","南興路193巷","南興路167巷"
"10020010","東區","溪興街21巷","溪興街"
"10020010","東區","溪興街21巷","溪興街21巷2弄"
"10020010","東區","溪興街21巷","溪興街6巷"
"10020010","東區","芳德街","芳安路197巷"
"10020010","東區","芳德街","芳安路217巷"
"10020010","東區","芳德街","芳德街45巷"
"10020010","東區","芳德街","信興街"
"10020010","東區","芳德街","南興路56巷"
"10020010","東區","芳德街","南興路72巷"
"10020010","東區","芳德街","宣信街"
"10020010","東區","芳德街","宣信街177巷"
"10020010","東區","芳德街","頂福街7巷"
"10020010","東區","新生路537巷","博東路200巷"
"10020010","東區","新生路537巷","新生路"
"10020010","東區","義教街585巷6弄","義教街585巷"
"10020010","東區","溪興街21巷1弄","溪興街21巷"
"10020010","東區","溪興街21巷3弄","溪興街21巷"
"10020010","東區","溪興街21巷3弄","溪興街21巷1弄"
"10020010","東區","新生路562巷","新生路"
"10020010","東區","新生路562巷","新生路562巷1弄"
"10020010","東區","新生路562巷1弄","新生路562巷"
"10020010","東區","博東路200巷","博東路"
"10020010","東區","新生路562巷3弄","新生路562巷"
"10020010","東區","新生路576巷","新生路562巷"
"10020010","東區","新生路576巷8弄","新生路576巷"
"10020010","東區","玉峰街","民國路"
"10020010","東區","玉峰街","民權路58巷"
"10020010","東區","玉峰街","長榮街"
"10020010","東區","玉峰街","啟明路"
"10020010","東區","玉峰街","啟明路312巷"
"10020010","東區","玉峰街","新生路"
"10020010","東區","玉峰街","維新路"
"10020010","東區","維新路134巷","維新路"
"10020010","東區","維新路134巷","維新路130巷"
"10020010","東區","維新路134巷","維新路136巷"
"10020010","東區","義教街585巷8弄","義教街585巷"
"10020010","東區","維新路130巷","維新路"
"10020010","東區","維新路130巷","維新路134巷"
"10020010","東區","維新路138巷","維新路136巷"
"10020010","東區","興仁街","吳鳳南路"
"10020010","東區","興仁街","吳鳳南路621巷19弄"
"10020010","東區","興仁街","吳鳳南路621巷31弄"
"10020010","東區","興仁街","吳鳳南路621巷7弄"
"10020010","東區","興仁街","軍輝路"
"10020010","東區","興仁街","軍輝路114巷"
"10020010","東區","興仁街","軍輝路124巷"
"10020010","東區","興仁街","興仁街10巷"
"10020010","東區","興仁街","興仁街15巷"
"10020010","東區","興仁街","興仁街24巷"
"10020010","東區","興仁街","興仁街2巷"
"10020010","東區","興仁街","興仁街38巷"
"10020010","東區","興仁街","興仁街8巷"
"10020010","東區","親水路","吳鳳南路"
"10020010","東區","親水路","興仁街"
"10020010","東區","維新路136巷","維新路134巷"
"10020010","東區","南興路145巷","信興街"
"10020010","東區","南興路145巷","南興路167巷"
"10020010","東區","南興路167巷","南興路145巷"
"10020010","東區","維新路57巷","維新路"
"10020010","東區","信興街","芳德街"
"10020010","東區","信興街","芳德街45巷"
"10020010","東區","信興街","信興街73巷"
"10020010","東區","信興街","信興街76巷"
"10020010","東區","信興街","信興街78巷"
"10020010","東區","信興街","南興路"
"10020010","東區","中山路55巷","維新路"
"10020010","東區","芳德街45巷","芳安路197巷"
"10020010","東區","芳德街45巷","信興街"
"10020010","東區","博東路152巷116弄","博東路152巷"
"10020010","東區","市宅街22巷5弄","市宅街22巷"
"10020010","東區","市宅街22巷5弄","市宅街22巷2弄"
"10020010","東區","市宅街22巷5弄","市宅街40巷"
"10020010","東區","吳鳳南路621巷","吳鳳南路"
"10020010","東區","信興街96巷","信興街"
"10020010","東區","信興街96巷","信興街78巷13弄"
"10020010","東區","市宅街40巷2弄","市宅街40巷"
"10020010","東區","博東路152巷106弄","博東路152巷"
"10020010","東區","新生路480巷","博東路169巷"
"10020010","東區","新生路480巷","新生路"
"10020010","東區","信興街76巷","立仁路"
"10020010","東區","信興街76巷","信興街73巷"
"10020010","東區","信興街76巷","信興街78巷"
"10020010","東區","信興街76巷","宣信街111巷"
"10020010","東區","信興街76巷","宣信街23巷"
"10020010","東區","博東路152巷96弄","博東路152巷"
"10020010","東區","博東路152巷75弄","博東路152巷"
"10020010","東區","新生路428巷","新生路"
"10020010","東區","吳鳳南路621巷19弄","吳鳳南路621巷"
"10020010","東區","吳鳳南路621巷19弄","興仁街"
"10020010","東區","融和街","民族路"
"10020010","東區","融和街","延平街"
"10020010","東區","融和街","垂楊路"
"10020010","東區","融和街","朝陽街"
"10020010","東區","信興街78巷6弄","信興街78巷"
"10020010","東區","融和街51巷","融和街"
"10020010","東區","中正路50巷","中正路"
"10020010","東區","中正路50巷","公明路"
"10020010","東區","中正路50巷","公明路110巷"
"10020010","東區","吳鳳南路689巷","軍輝路"
"10020010","東區","吳鳳南路621巷7弄","吳鳳南路621巷"
"10020010","東區","民國路","中山路"
"10020010","東區","民國路","中正路"
"10020010","東區","民國路","公明路"
"10020010","東區","民國路","民國路157巷"
"10020010","東區","民國路","民國路15巷"
"10020010","東區","民國路","民國路209巷"
"10020010","東區","民國路","民國路250巷"
"10020010","東區","民國路","民國路257巷"
"10020010","東區","民國路","民國路36巷"
"10020010","東區","民國路","民族路"
"10020010","東區","民國路","民權路"
"10020010","東區","民國路","光彩街"
"10020010","東區","民國路","安樂街"
"10020010","東區","民國路","志航街"
"10020010","東區","民國路","延平街"
"10020010","東區","民國路","垂楊路"
"10020010","東區","民國路","朝陽街"
"10020010","東區","民國路","維新路130巷"
"10020010","東區","民國路250巷","民國路"
"10020010","東區","融和街5巷","融和街"
"10020010","東區","民國路248巷","民國路"
"10020010","東區","信興街78巷","信興街76巷"
"10020010","東區","信興街78巷","信興街78巷20弄"
"10020010","東區","信興街78巷","信興街78巷28弄"
"10020010","東區","信興街78巷","宣信街111巷"
"10020010","東區","信興街78巷20弄","信興街78巷"
